{"cameraMode":{"drawMode":0,"name":"Shaded","section":"Shading Mode"},"sceneLighting":false,"audioPlay":false,"sceneViewState":{"showFog":true,"showMaterialUpdate":false,"showSkybox":false,"showFlares":true,"showImageEffects":true,"showParticleSystems":true,"showVisualEffectGraphs":true,"m_FxEnabled":true},"in2DMode":false,"pivot":{"x":0.14977715909481049,"y":0.11578252911567688,"z":-0.055141955614089969},"rotation":{"x":0.24980774521827699,"y":0.4726179540157318,"z":-0.14172928035259248,"w":0.8331755995750427},"size":0.42290955781936648,"orthographic":false}