{"cameraMode":{"drawMode":0,"name":"Shaded","section":"Shading Mode"},"sceneLighting":false,"audioPlay":false,"sceneViewState":{"showFog":true,"showMaterialUpdate":false,"showSkybox":false,"showFlares":true,"showImageEffects":true,"showParticleSystems":true,"showVisualEffectGraphs":true,"m_FxEnabled":true},"in2DMode":false,"pivot":{"x":0.17350386083126069,"y":0.1200217604637146,"z":0.37520188093185427},"rotation":{"x":0.24980774521827699,"y":0.4726179540157318,"z":-0.14172928035259248,"w":0.8331755995750427},"size":0.6837500333786011,"orthographic":false}